text,rate
sprawa ogromnego roszczenia ktore bardzo poruszylo nie tylko inwestorow cd_projektu ma_szanse wkrotce znalezc swoj final na_poczatku pazdziernika rynek poruszyla informacja_o otrzymaniu przez_cd projekt wezwania do zaplaty od pelnomocnikow reprezentujacych andrzeja_sapkowskiego autora sagi wiedzmin pisarz domagal sie dodatkowego wynagrodzenia od spolki roszczenie zostalo oszacowane na co najmniej 60 mln_zl po kilkudniowej intensywnej eksploatacji tematu w mediach zapadla wokol niego cisza spolka nie informowala i nadal nie informuje o_tym na jakim etapie jest sprawa druga strona rowniez nie zabrala publicznie glosu to_nie dziwi sytuacja jest delikatna a pieniadze lubia cisze pb dowiedzial sie jednak nieoficjalnie ze choc jeszcze nic nie_jest przesadzone to spor ma_szanse sie niedlugo zakonczyc trwaja ustalenia miedzy stronami do miesiaca powinna sie pojawic informacja jakie jest rozwiazanie jest szansa na ugode ale to jeszcze nie_jest przesadzone mowi osoba zblizona_do sprawy takze inne zrodlo wskazuje ze ugoda jest_zawsze najbardziej pozadanym rozwiazaniem jednak nie ma mowy o uznaniu roszczen wskazanych w_pazdziernikowym komunikacie raczej moze_to byc forma docenienia tworczosci andrzeja_sapkowskiego jego postaci talentu i potencjalu jesli_chodzi o pomoc spolce_w kreowaniu pomyslow mowi nasz informator sam cd_projekt konsekwentnie odmawia informacji_o przebiegu rozmow nie komentujemy tematu roszczen pana sapkowskiego ponad oswiadczenie opublikowaneprzez spolke w_formie raportu biezacego informuje karolina_gnas szefowa relacji inwestorskich cd_projektu cd_projekt wczesniej stal na stanowisku ze umowy_z andrzejemsapkowskim byly podpisane zgodnie_z przepisami i sa wazne bedziemy dazyc do porozumienia i to_nie jest_tylko deklaracja zalezy nam na dobrych relacjach z panem sapkowskim poniewaz to jest dobre dla wszystkich jesli jednak chodzi_o umowy juz_podpisane to uwazamy ze powinny byc respektowane mowil pb w pazdzierniku adam_kicinski prezes_cd projektu umow miedzy autorem wiedzminskiej sagi a producentem gier bylo kilka pierwsza zostala podpisana w 2002 r na jej bazie spolka zaczela prace_nad wiedzminem 1 nastepnie bylo wiele kolejnych umow ostatnia w 2016_r w_pazdziernikowym pismie pelnomocnicy autora takze deklarowali ze sa gotowi zakonczyc sprawe w sposob polubowny a co najwazniejsze szybki i cichy,1
firma capcom udostepnila aktualizacje monster_hunter world dzieki ktorej do gry trafila postac geralt z rivii znanego z gier stworzonych przez studio cd_projekt red a takze ksiazek andrzeja_sapkowskiego inspirowana gra wiedzmin_3 dziki_gon dodatkowa zawartosc monster_hunter world dostepna jest na konsolach_playstation 4_oraz xbox_one w_formie darmowej aktualizacji na_pc aktualizacja ukaze_sie w pozniejszym terminie za goscinne wystepy geralta cd_projekt nie otrzyma zadnego wynagrodzenia obecnosc geralta w monster_hunter world jest zwiazana ze specjalnym nieodplatnym wydarzeniem fabularnym zaoferowanym graczom przez capcom cd_projekt nie otrzymuje z tego tytulu zadnych przychodow i traktuje cale wydarzenie jako znak uznania dla popularnosci wiedzmina oraz jednoczesnie okazje do dodatkowej promocji brandu wiedzminskiego na swiecie mowi karolina_gnas szefowa ir cd pro,1
zarzad_cd projektu zdecydowal sie przesunac publikacje_raportu rocznego na 27 marca z 21 marca planowanego pierwotnie zmiana daty publikacji sprawozdan podyktowana jest zamiarem uwzglednienia w prezentowanych wynikach wnioskow z dodatkowego audytu przeprowadzonego na zlecenie spolki obejmujacego kwestie zwiazane z istniejacym w_ramach grupy zrodlo_puls biznesu_tresc chroniona_prawem autorskim kapitalowej konsorcjum odpowiedzialnym za projekty gwint wiedzminska gra karciana oraz wojna_krwi wiedzminskie_opowiesci w_tym kwestii rozliczen zwiazanych_z ukonczeniem prac i premiera tych tytulow oraz zastosowaniem ulgi badawczo rozwojowej napisano_w komunikacie po wynikach ze trzeci kwartal cd_projekt informowal_ze ujemny wynik goga jest glownie pochodna udzialu tej spolki w konsorcjum pracujacym nad gwintem zas sam gwint w_trakcie prac nad aktualizacja homecoming generowal nizszy_poziom przychodow ujemnie wplywajac na wyniki segmentu i calej grupy spolka wskazywala wowczas ze wojna_krwi otrzymala 85 na 100 mozliwych punktow w metacritic co klasyfikuje ja wsrod najlepszych gier wydanych na_pc w 2018_r majac na uwadze powyzsze opinie i pozytywne komentarze ze_strony ekspertow zarzad spolki zakladal wyzszy niz osiagniety od_premiery do dnia publikacji sprawozdania poziom_sprzedazy tytulu tym niemniej skuteczna animacja zainteresowania tytulem w opinii zarzadu powinna wplynac na dlugoterminowy poziom_sprzedazy napisano wowczas cd_projekt 23 pazdziernika wydal gre karciana gwint i gre fabularna wojna_krwi wiedzminskie_opowiesci na_platformie gog w wersji_na komputery_pc premiera gier na_konsole xbox_one oraz_playstation 4 odbyla sie 4 grudnia,1
producent gier przyznaje ze czerwcowe_targi w_los angeles to bardzo dobry_czas na ogloszenie daty_premiery cyberpunka cd_projekt opublikowal wyniki za_2018 r jednak to_nie na nie czekal rynek ale na_nowe informacje na_temat gry_cyberpunk 2077 ktora rozpala wyobraznie_inwestorow i graczy_nie zawiodl sie mozliwe ze juz w_czerwcu ujawniona zostanie data_premiery wyczekiwanej produkcji targi_e3 to dobre miejsce zeby oglosic premiere gry sa one w naszej branzy najlepszym momentem na duze ogloszenia powiedzial na konferencji adam_kicinski prezes_cd projektu los_angeles czeka tegoroczne targi potrwaja od 11 do 13_czerwca cd_projekt nie_ukrywa ze chce na nich mocno zaznaczyc swoja obecnosc tegoroczne e3 jest najwazniejszym e3 w_historii spolki przygotowalismy naprawde mocne show stwierdzil_prezes spolka przygotowala na te okazje niespodzianki ale zadna z_nich nie_jest artystka pop zdementowal tez pojawiajace sie od jakiegos czasu informacje_o mozliwym wykorzystaniu w_grze wizerunku lady gagi cyberpunk_2077 ma byc najwieksza_gra w_historii cd_projektu wieksza od pozostalych bedzie tez kampania marketingowa towarzyszaca jej wydaniu obecne oczekiwania analitykow zakladaja_ze premiera odbedzie_sie na przelomie lat 2019/20 prace_nad gra sa zaawansowane ale wiekszosc kampanii jest jeszcze_przed nia nie_jestesmy do_konca zadowoleni z gry ale dlatego_ze gra nabiera wysokiej_jakosci na samymkoncu jeszcze tam nie_jestesmy powiedzial_adam kicinski nad_cyberpunkiem pracuje_obecnie ponad_400 osob ale zespol juz nie bedzie sie powiekszal cyberpunk ma_zostac wydany rownoczesnie_na pc playstation4 i xbox_one ale w przyszlosci moze tez trafic na_nowe platformy nasza technologia jest tworzona z mysla o kolejnej_generacji redengine silnik gier stworzony przez_cd projekt_red zostal zbudowany od podstaw w ten_sposob zeby byl rozwijany z generacji na generacje jesli bedziemy mieli szanse wydac cyberpunka na kolejnej_generacji konsol to tak zrobimy zapewnil prezes_cd projektu nowy projekt mowimy o nowym kontencie naklady na_razie sa na bardzo niewielkim poziomie ale prosze nie wyciagac pochopnych wnioskow to_nie musi byc gra typu wiedzmin_3 czy cyberpunk nie planujemy_tez tak duzego zatrudnienia jak_przy cyberpunku powiedzial_adam kicinski liczba osob ktore pracuja nad tym projektem jest o rzad wielkosci mniejsza bardzo duza wage przykladamy do tego aby po skonczeniu cyberpunka przejscie do kolejnych projektow bylo naturalne i zeby ludzie nie czekali na nie zbyt dlugo mamy na to plan komunikujemy tylko cyberpunka ale robimy rozne rzeczy stwierdzil_prezes cd_projektu nie czas_na dywidendechoc cd_projekt pracuje_nad cyber punkiem i rozwija inne projekty to w_ubieglym roku grupie udalo sie zwiekszyc zasoby gotowki do blisko 660 mln_zl wobec 648 mln_zl rok wczesniej na_razie spolka nie_mysli o redystrybucji skumulowanych zyskow do akcjonariuszy potrafimy sie dzielic i zasadniczo nie_jestesmy przeciwnikami dywidendy natomiast nie_mamy polityki_dywidendowej i jestesmy przekonani ze to_nie jest dobry moment na_myslenie o_dywidendzie przed nami najbardziej_wytezony okres prac oraz wydatkow a dywidenda to powinien byc raczej rodzaj nagrody po duzym sukcesie a nie przed to jest jednak moja prywatna opinia powiedzial_prezes takze akcjonariusz spolki strategia_cd projektu_zaklada do_konca 2021_r wydanie dwoch_gier aaa z czego jedna bedzie cyberpunk a druga nie zostala jeszcze zapowiedziana prace_nad nia jednak trwaja,1
walne cd_projektu uchwalilo przeznaczenie 100_9 mln_zl z_zysku za_2018 r na wyplate dywidendy czyli 1_05 zl na_akcje spolka doszla do wnioski ze moze podzielic_sie zyskiem z_uwagi na_fakt ze ma juz_podpisane najwazniejsze umowy_z dystrybutorami cyberpunka a horyzont_jest juz na_tyle krotki_ze moze zaplanowac_wydatki pod_koniec marca zarzad informowal_ze przed spolka najbardziej_wytezony okres pracy i nie_jest to_dobry czas_na myslenie_o dywidendzie decyzje_o wyplacie dywidendy_z zysku_za 2018_r zarzad_cd projektu podjal niedawno niedlugo przed zwolaniem zwz mamy_podpisane wszystkie_najwazniejsze kontrakty_dystrybucyjne na cyberpunka_ktore wplywaja nasza cash_flow dlatego_ze w nich sa zobowiazania naszych dystrybutorow_do pokrywania_czesci wydatkow_marketingowych sa minimalne gwarancje nasz_horyzont jest_juz na_tyle krotki_ze mozemy w_miare precyzyjnie_zaplanowac wydatki i doszlismy_do wniosku_ze mozemy_podzielic sie_zyskiem powiedzial_adam kicinski_prezes cd_projektu dodal_ze zarzad nie dyskutowal i obecnie nie_mysli o_wprowadzeniu polityki_dywidendowej pozostala_czesc zysku_za 2018_r czyli 8 5_mln zl zostala przeznaczona na_kapital zapasowy dzien dywidendy ustalono na 31 maja a wyplata nastapi 13_czerwca z_zysku za 2017 r cd_projekt nie wyplacal dywidendy za 2016_r wyplacil 1_05 zl na akcj,1
na czerwcowych targach ktore maja_byc najwazniejsze w_historii cd_projektu spolka_zaprezentuje szerokiej_publicznosci swoj najwiekszy projekt_zgodnie z_wczesniejszymi zapowiedziami przedstawicieli cd_projektu najblizsze targi gier komputerowych e3_ktore odbeda sie w_czerwcu w_los angeles beda najwazniejsze w_historii spolki juz wczesniej bylo wiadomo ze podczas zamknietych prezentacji producent pokaze cyberpunka_2077 w_czwartek adam_badowski szef_studia cd_projekt red poinformowal_ze gra bedzie miala takze stoisko w publicznej czesci targow przedstawiciele_spolki w_trakcie pokazow w_kinie beda prezentowali fragmenty gry podobnie byl promowany wiedzmin_3 publicznosc mogla ogladac 15 minutowe pokazy w_kinie na_stoisku przygotowanym wspolnie z wytwornia warner bros owczesnym partnerem zapowiedzi cd_projektu zaostrzyly apetyt graczy_i inwestorow wiekszosc spodziewa sie ze na targach m_in zostanie ogloszona data_premiery nowego cyberpunka i rusza zamowienia przedpremierowe wszyscy licza tez ze_spolka zaprezentuje nowy trailer w_trakcie konferencji_microsoftu to wielkie_wydarzenie podczas ktorego pokazywanych jest_tylko kilka wybranych tytulow a transmisje sledza miliony graczy na calym swiecie najbardziej wyczekiwana wiadomosc to data_premiery konsens oczekiwan_analitykow przesuwal sie ostatnio na 2020_r moze sie to jednak zmienic rabka tajemnicy choc nie wprost uchylil wczoraj adam_kicinski prezes_cd projektu informujac o przeslankach wyplaty dywidendy_z zysku_za 2018_r mamy_podpisane wszystkie_najwazniejsze kontrakty_dystrybucyjne na cyberpunka_ktore wplywaja na nasz cash_flow poniewaz zawieraja zobowiazania dystrybutorow_do pokrywania_czesci wydatkow_marketingowych nasz_horyzont jest_juz na_tyle krotki_ze mozemy w_miare precyzyjnie_zaplanowac wydatki doszlismy_do wniosku_ze mozemy_podzielic sie_zyskiem powiedzial_adam kicinski dodajac ze_zarzad na_razie nie_mysli o_wprowadzeniu polityki_dywidendowej,1
wyniki cd_projektu za pierwszy kwartal okazaly_sie lepsze_od oczekiwan_analitykow spolka ponad_20 mln_zl przeznaczyla w_pierwszym kwartale na zaliczki_dla dostawcow na produkcje_elementow edycji_kolekcjonerskiej cyberpunka cd_projekt wypracowal w_pierwszym kwartale blisko 18 mln_zl zysku_netto to 18 proc powyzej oczekiwan_rynku konsensu pap biznes przewidywal 15 1_mln zl_zysku zysk operacyjny i ebitda wyniosly odpowiednio 20 6_mln zl i 29 5_mln zl i byly 25 proc wyzsze od konsensusu przychody_producenta gier_byly na_poziomie 80 9_mln zl i przebily konsensus o_8 proc najwiekszy udzial w zrealizowanych przychodach ze sprzedazy miala utrzymujaca sie dobra sprzedaz_wiedzmina 3 z dodatkami oraz w mniejszym stopniu gwint a i wojny krwi na przychody grupy pozytywnie wplynely tez dobre wyniki sprzedazowe platformy gog_com laczna_wartosc srodkow_pienieznych oraz_lokat bankowych_powyzej trzech_miesiecy wyniosla_na koniec_marca 621 9_mln zl i byla 6_proc nizsza niz na_koniec 2018_r po_godz 12 kurs_producenta gier zyskuje ponad 8_proc przy najwyzszych na rynku obrotach obecnie uwaga inwestorow bardziej niz na rezultatach finansowych skupia_sie na informacjach na_temat najwiekszego tytulu w_historii spolki cyberpunka czynnikiem ktory mogl dac sygnal do wzrostow mogl byc komentarz zarzadu do 22 2_mln zl na zaliczki_dla dostawcow w i_kw 2019_r z ktorego wynika ze_spolka rozpoczela produkcje_elementow edycji_kolekcjonerskiej cyberpunka zaliczki_ktore ujawnilismy_w i_kw zwiazane_byly z_przedplata na_wytworzenie elementow_edycji kolekcjonerskiej_powiedzial piotr_nielubowicz wiceprezes_cd projektu w i_kw wydatki_grupy na_rozwoj nowych_tytulow wyniosly_25 mln_zl co_przelozylo sie na_skumulowane saldo_nakladow na prace_rozwojowe w_wysokosci 264_mln zl w prace_nad cyberpunkiem zaangazowanych jest obecnie_ponad 400_osob w najblizszym czasie bedziemy uczestniczyc w e3_ktore beda najwiekszymi targami w_historii cd_projektu chcemy_aby nasza_obecnosc w_los angeles_byla jeszcze_bardziej widoczna_niz rok_temu powiedzial_adam kicinski_prezes cd_projektu w_tym roku cd_projekt zaplanowal na e3 dedykowana komunikacje i przestrzen do spotkan dla mediow w_tym dziennikarzy i liderow opinii partnerow_biznesowych inwestorow gieldowych jak rowniez dla graczy_a cyberpunk_2077 bedzie po_raz pierwszy pokazywany w przestrzeni publicznej targow przygotowujemy_cos naprawde_ekscytujacego i nie_mozemy sie_doczekac zeby_sie tym_podzielic czerwiec_zapowiada sie_niezwykle interesujaco_dodal piotr_nielubowicz wiceprezes_cd projektu,1
informacja_o zaliczce na produkcje_elementow edycji_kolekcjonerskiej cyberpunka tchnela w rynek wiare w rychla premiere kurs_producenta poszybowal oczekiwania_graczy i inwestorow co_do gry_cyberpunk 2077 z miesiaca na miesiac sa coraz wieksze podobnie_jak emocje towarzyszace produkcji nad ktora pracuje ponad_400 osob zwlaszcza inwestorzy lakna kazdej nowej informacji na_temat produkcji zapowiadanej jako najwieksza i najdrozsza w_historii cd_projektu news nieoczekiwanie pojawil sie w_piatek zaliczki_ktore ujawnilismy_w pierwszym_kwartale zwiazane_byly z_przedplata na_wytworzenie elementow_edycji kolekcjonerskiej_powiedzial piotr_nielubowicz wiceprezes_cd projektu komentujac pozycje zaliczki_dla dostawcow okolo 22 mln_zl w i kwartale podczas konferencji z_inwestorami na rynku wybuchla euforia kurs_cd projektu poszybowal w gore o ponad 9 proc ustanawiajac historyczne maksimum na_poziomie 224 9 zl obroty na akcjach producenta_gier byly najwyzsze na sesji juz po_godz 14 przekroczyly 100_mln zl wiadomosc ze_spolka rozpoczela juz produkcje_elementow do kolekcjonerskiej wersji_gry mogla zostac odebrana jako wskazowka ze_premiera cyberpunka nastapi wczesniej niz w przyszlym roku pewnosci oczywiscie nie_mamy byc moze spolka hce miec wszystko zapiete na ostatni guzik ze sporym wyprzedzeniem co przy tak wielkim projekcie jest zrozumiale na_pewno zmniejszylo sie prawdopodobienstwo scenariuszy pesymistycznych mowiacych o_drugiej polowie 2020_r mowi tomasz_rodak analityk dm_bos kamieniem milowym w promocji cyberpunka maja_byc czerwcowe_targi e3 podczas ktorych gra po_raz pierwszy zostanie pokazana szerokiej_publicznosci przygotowujemy_cos naprawde_ekscytujacego i nie_mozemy sie_doczekac zeby_sie tym_podzielic czerwiec_zapowiada sie_niezwykle interesujaco_dodal piotr_nielubowicz wiceprezes_cd projektu_chcemy aby_nasza obecnosc w_los angeles_byla jeszcze_bardziej widoczna_niz rok_temu planujemy_tez rozne niespodzianki dodal adam_kicinski prezes spolki w_pierwszych trzech_miesiacach 2019_r wydatki_grupy cd_projekt na_rozwoj nowych_tytulow wyniosly_25 mln_zl co_przelozylo sie na_skumulowane saldo_nakladow na prace_rozwojowe w_wysokosci 264_mln zl w_czerwcu spolka wyplaci 100_mln zl akcjonariuszom w postaci dywidendy ale nadal bedzie dysponowala sporym zapasem gotowki laczna_wartosc srodkow_pienieznych oraz_lokat bankowych_powyzej trzech_miesiecy wyniosla_na koniec_marca prawie 622 mln_zl,1
cd_projekt nie wyklucza ze kiedys cyberpunk bedzie gra wieloosobowa ale na_razie skupia_sie na singleplayer docelowo_chce miec_dwa duze zespoly produkcyjne w pewnym momencie kiedys jakis online bedzie ale nie moge dalej tego rozwijac po pierwsze i najwazniejsze singleplayer na tym jestesmy skupieni i o_tym mowimy i to jest nasze najblizsze wielkie_wydarzenie powiedzial_adam kicinski_prezes cd_projektu w_trakcie konferencji wall street 23 w karpaczu w cd projekcie obecnie_ponad 400_osob pracuje_nad gra cyberpunk_2077 docelowo chcemy miec_dwa duze teamy wielkosci tego jaki obecnie pracuje_nad cyberpunkiem powiedzial_prezes posiadanie dwoch duzych zespolow ma umozliwic spolce produkowanie wiekszej liczby gier poinformowal tez ze_spolka docelowo_chce dostarczac graczom kontom kontent onlinowy podtrzymal_ze do_2021 r spolka wyda poza cyberpunkiem druga_gra nigdy nie powiedzielismy czym jest ta druga_gra powiedzial,1
cd_projekt uruchomil przedsprzedaz gry_cyberpunk 2077 data_premiery zostala_ustalona na 16_kwietnia 2020_r wygladu jednemu z bohaterow a w_anglojezycznej wersji_gry takze_glosu uzyczy_keanu reeves cd_projekt zgodnie_z wczesniejszymi oczekiwaniami premiere najwiekszej swojej gry oglosil w_niedziele wieczorem na konferencji_microsoftu poprzedzajacej targi_e3 w_los angeles data_premiery jest zgodna z_konsensusem oczekiwan_analitykow ktorzy obstawiali drugi kwartal 2020_r gra ukaze_sie rownoczesnie_na komputerach pc oraz konsolach_playstation 4 i xbox_one cena gry to 199 zl na_pc i 269 99 na_konsole cena wersji_na pc w usa to 59 99 usd wersja kolekcjonarska kosztuje 749 99 zl/249 usd cd_projekt udostepnil takze nowy filmowy zwiastun ktory poza spojrzeniem na fabule ujawnia postac johnnego silverhanda wygladu a w_anglojezycznej wersji_gry takze_glosu legendarnemu rockerboyowi uzyczy_keanu reeves odtworca_glownej roli w_trylogii matrix serii john wick oraz w filmie johnny mnemonic aktor_zaangazowany jest_rowniez w_sesje motion_capture w_niedziele wystapil na scenie po pokazie nowego zwiastuna cyberpuk2077 i oglosil date premiery_gry w przedsprzedazy gracze beda_mogli kupic edycje kolekcjonerska w jej sklad wchodza m_in 25 centymetrowa figura przedstawiajaca glowna postac gry unikatowy steelbook oraz artbook wydany w twardej oprawie zawartosc edycji dopelnia specjalne kolekcjonerskie pudelko inspirowane wygladem megablokow night_city spolka zapowiada podanie wiecej szczegolow na_temat gry_cyberpunk 2077 w_trakcie tegorocznych targow e3_ktore odbywaja sie w dniach 11 13_czerwca w_los angeles jedna_z zaplanowanych na ten czas atrakcji beda zamkniete pokazy rozgrywki na zywo dla przedstawicieli mediow i partnerow_biznesowych ktore_odbeda w west exhibit_hall wszyscy odwiedzajacy e3 beda_mogli natomiast zobaczyc nowe fragmenty z gry na_stoisku zlokalizowanym w south exhibit_hall na niedzielnej konferencji swoje gry zaprezentowaly tez dwie inne spolki bloober team oraz techland,1
przedsprzedaz_cyberpunka 2077 idzie duzo lepiej niz przedsprzedaz_wiedzmina 3 podal cd_projekt obsadzenie keanu_reevesa w roli johnny go silverhanda w_grze cyberpunk_2077 bylo marketingowym strzalem w dziesiatke wedlug szacunkow cd_projektu ponad 500 publikacji wideo ktore powstaly na_temat cyberpunka_2077 po targach e3 zostalo odtworzonych lacznie okolo 76 mln_razy ma to swoje przelozenie na poziom przedsprzedazy w_pierwszych tygodniach jestesmy duzo bardziej zadowoleni porownujac te dwa trzy tygodnie z wiedzminem 3 jest duza roznica powiedzial_adam kicinski_prezes cd_projektu zrodlo_puls biznesu_tresc chroniona_prawem autorskim_calosc przeczytasz_tu https_//www pb pl/johnny silverhand pobil wiedzmina 964831 dodal_ze bardzo silny jesli_chodzi o przedsprzedaz cyfrowa jest rynek chinski przedstawiciele cd_projektu zwracaja uwage ze_przedsprzedaz wiedzmina_3 byla uruchomiona w momencie kiedy oczekiwania_graczy nie byly tak rozbudowane jak dzieje w_przypadku cyberpunka cd_projekt caly czas pracuje_nad zwiekszeniem popularnosci swojej najnowszej gry w sierpniu zaprezentuje ja na targach gamescom w kolonii a pod_koniec sierpnia fragment rozgrywki pokazywany na e3 ma_zostac po_raz pierwszy publicznie zaprezentowany na pax west w seattle mocnej dawki nowych informacji_o grze nalezy spodziewac_sie na_poczatku przyszlego roku wtedy dziennikarze branzowi beda juz grali i pisali o_tym mowi_prezes w_ocenie adama kicinskiego termin premiery ustalony na kwiecien 2020_r jest bardzo trafiony a tytul cd_projektu nie konkuruje bezposrednio z final fantasy ktorego premiera przypada miesiac wczesniej zgodnie_z konsensusem analitykow sporzadzonym przez pb przed czerwcowymi targami e3 spodziewali sie oni ze w_ciagu roku_od premiery gra znajdzie 23 mln nabywcow sami jestesmy motorem takiego konsensusu on sie bierze z zainteresowania graczy_a to zainteresowanie budujemy my twierdzi adam_kicinski strategia_cd projektu_zaklada wydanie do_2021 r dwoch_gier fabularnych klasy aaa jedna_z nich jest wlasnie cyberpunk_2077 ktory bedzie mial premiere w kwietniu 2020_r o_drugiej grze spolka do_tej pory mowila niewiele wczesniej pojawila_sie m_in informacja ze nad nowym projektem pracuje okolo_40 osob nasza nastepna duza gra bedzie osadzona w uniwersum cyberpunkowym pracujemy juz nad_nia i traktujemy jako naprawde duzy i nowatorski dla nas projekt zapowiada piotr_nielubowicz wiceprezes_cd projektu przedstawiciele_spolki poinformowali w poniedzialek ze_spolka pracuje_obecnie nad trzema rzeczami cyberpunkowymi w_tym jedna to glowna gra adam_kicinski zapowiedzial ze jeden_z zespolow pracujacych nad tymi projektami zlokalizowany jest we wroclawiu i liczy okolo_40 osob a rozwoj studia w_tym miescie zwiazany jest z pracami nad trybem multiplayer cyberpunka_2077 wiele wskazuje wiec na to ze to wlasnie bedzie_kolejna gra cd_projektu zapowiadana do_2021 r,1
pierwsze dane wlaly w inwestorow cd_projektu kolejna dawke optymizmu wartosc spolki osiagnela rekordowy poziom w_piatek w_trakcie sesji_kurs cd_projektu mocno zyskiwal i ustanowil nowy rekord 259 8 zl_co oznacza kapitalizacje spolki na_poziomie blisko 25 mld_zl wzrost wyceny_to reakcja na raport polroczny opublikowany w_czwartek po sesji choc zysk i zrodlo_puls biznesu_tresc chroniona_prawem autorskim_calosc przeczytasz_tu https_//www pb pl/optymistyczna przedsprzedaz_cyberpunka 969220 przychody_producenta gier okazaly_sie duzo lepsze_od oczekiwan to_nie wyniki lezaly u podstaw zwyzki byla nia pozycja bilansowa rozliczenie miedzyokresowe przychodow ktora rzucila swiatlo na liczbe przedsprzedanych sztuk cyberpunka_2077 tytulu od miesiecy rozgrzewajacego graczy_i wyobraznie_inwestorow zarzad_producenta gier nie_ukrywa ze_przedsprzedaz idzie_dobrze jestesmy_bardzo zadowoleni_ale jest to_dopiero poczatek_mowi adam_kicinski prezes_cd projektu naturalne sa porownania do ostatniej duzej produkcji studia wiedzmina_3 krzywa przedsprzedazy wyglada tak samo ale preorderow cyberpunka jest wiecej nie podajemy celowo liczby dlatego_ze w_pierwszym miesiacu przedsprzedazy wiedzmina_3 zebralismy mniej_niz 10_proc calosci absolutna wiekszosc preorderow jest realizowana pod_koniec gdy ukazuja sie recenzje mowi_prezes na jaka przedsprzedaz wskazuja liczby z bilansu ? lukasz kosiarski analityk pekao ib szacuje ze do_konca czerwca spolka sprzedala okolo 450 tys_kopii gry i ocenia ze to_dobry poczatek przedsprzedazy kacper_kopron analityk trigon dm szacuje przedsprzedaz do_konca czerwca miedzy 360 a 420 tys_kopii zalozenia opiera na informacji ze okolo 1/3 sprzedanych kopii w cyfrowej dystrybucji pc wyszla na gog_com oraz przyjecia ceny jednostkowej gry na_poziomie 60 usd to co widzimy na bilansie to tylko preordery w dystrybucji cyfrowej na_pc bez pudelek pc i bez wersji konsolowych szacunek lacznej liczby preorderow obarczony jest istotnym marginesem bledu gdyz sama spolka nie posiada wszystkich danych od dystrybutorow przewiduje jednak ze cd_projekt przebil 1_mln sztuk preorderow na wszystkich platformach mowi analityk przypomina ze na tydzien przed_premiera wiedzmina_3 spolka_podala informacje_o 1_mln sztuk w przedsprzedazy a w_dniu premiery poinformowala juz o_1 5_mln wiemy ze w_pierwszym kwartale sprzedaz_wiedzmina 3 wyniosla nieco ponad 6_mln sztuk czyli czterokrotnie wiecej_niz bylo preorderow w_przypadku cyberpunka podobnie_jak w_przypadku wiedzmina_3 najwiekszego wzrostu spodziewalbym sie po pierwszych recenzjach i hands on moment w_ktorym recenzent moze wyprobowac w gre czyli 2_3 tygodnie przed_premiera mowi kacper_kopron analitycy z_ktorymi rozmawial pb uwazaja dane o przedsprzedazy za optymistyczne wiekszosc zastrzega jednak ze budowanie prognoz na bazie szacowanej przedsprzedazy gry w_ciagu dwoch tygodni od uruchomienia obarczone jest duzym ryzykiem bledu,1
producent przedstawil aktorow ktorzy uzycza glosu pierwszoplanowym postaciom w_polskiej wersji_jezykowej gry_cyberpunk 2077 w roli v glownej postaci cyberpunk_2077 gracze uslysza lidie sadowa filmy kraina lodu avengers wojna bez granic oraz gra until dawn oraz kamila kule filmy czarna pantera piekna i bestia oraz gra call of duty wwii czytamy_w komunikacie cd_projekt wczesniej spory rozglos towarzyszyl zaangazowaniu znanego aktora keanu_reevesa odtworca_glownej roli w_trylogii matrix uzyczy wygladu i glosu postaci_johnny ego_silverhanda aktor_zaangazowany jest_rowniez w_sesje motion_capture w_polskiej wersji_jezykowej silverhand bedzie mowil glosem michala zebrowskiego ktory ma w swoim cv m_in gre god of war iii cyberpunk_2077 ukaze_sie 16_kwietnia 2020_roku na_pc xbox_one i playstation_4 na_poczatku wrzesnia pisalismy ze_zarzad producenta_gier nie_ukrywa ze_przedsprzedaz idzie_dobrze jestesmy_bardzo zadowoleni_ale jest to_dopiero poczatek_mowi adam_kicinski prezes_cd projektu,1
na trzy miesiace przed planowana premiera cd_projekt postanowil przesunac date wprowadzenia na_rynek gry_cyberpunk 2077 jest pewny ze nowy termin bedzie dotrzymany ujawnia czym i kiedy bedzie_kolejna gra_aaa nowa data zostala_ustalona na 17_wrzesnia 2020_r dyskutowalismy te decyzje okolo tydzien ma ona pelne wsparcie zarzadu powiedzial_adam kicinski_prezes cd_projektu jestesmy pewni ze_gra zostanie_wydana 17_wrzesnia dodal michal nowakowski czlonek zarzadu odpowiedzialny za ksztaltowanie i realizacje polityki sprzedazowej i wydawniczej w_ocenie zarzadu wrzesniowa data_premiery nie bedzie wiazala sie z wieksza konkurencja niz poprzedni termin do_tej pory premiera_gry byla zaplanowana na 16_kwietnia spolka_podala ze_gra jest kompletna i mozna ja przejsc od poczatku do_konca jednak czeka ja jednak jeszcze wiele pracy night_city jest ogromne zroznicowane i pelne przygod biorac_pod uwage jego skale i zlozonosc uznalismy ze potrzebujemy wiecej czasu aby zakonczyc testowanie usunac usterki i nadac grze ostateczny szlif chcemy_aby cyberpunk_2077 byl ukoronowaniem naszej pracy na obecnej generacji_konsol dzisiejsza decyzja da nam kilka cennych miesiecy ktorych potrzebujemy by gra mogla zasluzyc na miano doskonalej napisali marcin iwinski wspolzalozyciel cd_projektu i adam_badowski szef_studia dodali ze beda regularnie informowac o postepach nad_gra najpierw jakosc zarzad_cd projektu na wieczornej telekonferencji poinformowal_ze ma wsparcie ze_strony dystrybutorow z_ktorymi rozwial do_tej pory podtrzymal_ze gra_zostanie wydana najpierw w wersji_na konsole playstation_4 xbox_one i komputery_pc cd_projekt poinformowal zgodnie_z filozofia spolki jakosc produktow jest podstawowym czynnikiem wplywajacym na ich sukces ekonomiczny w_ocenie zarzadu przesuniecie daty_premiery pozostaje w interesie spolki majac bezposredni wplyw na zapewnienie najwyzszej jakosci gry a w konsekwencji wyniki sprzedazy cyberpunk_2077 zarowno w_krotkim jak i w_dlugim horyzoncie czasowym czytamy_w komunikacie kolejna_gra aaa w_czwartek pojawila_sie tez informacja_o wersji mulitplayer wersja multiplayer cyberpunk_2077 jest kolejna planowana przez nas gra_aaa biorac_pod uwage wrzesniowa premiere wydaje_sie ze wydanie trybu multiplayer w 2021 roku wydaje_sie malo prawdopodobne powiedzial nowakowski podczas telekonferencji cyberpunk to najwieksza_gra cd_projektu a obecna wycena spolki opiera sie na oczekiwania_co do sukcesu gry premiera produkcji to niewatpliwie najwazniejsze wydarzenie w krajowej branzy gier w_tym roku to juz bylo gdy w marcu 2014_r cd_projekt oglosil ze_premiera poprzedniej duzej gry_wiedzmin 3 zostal ustalona_na lutego 2015 a zapowiedzi mowily o debiucie w 2014_r roku w_dniu po tym ogloszeniu kurs_akcji cd_projektu otworzyl_sie na 14 6_proc minusie cala_sesja przyniosla natomiast 10 4_proc straty po trzech_miesiacach od zakomunikowania zamiany daty_premiery kurs wrocil do poprzednich poziomow gdy ponownie w grudniu zapowiedzial przesuniecie_premiery na maj na sesji po zapowiedzi kurs otworzyl_sie blisko 10_proc ponizej zamkniecia ale cala_sesja przyniosla tylko 4 2_proc spadki po niecalych trzech_miesiacach znow odrobily straty jak_bedzie dzis ? tomasz_rodak dm_bos opoznienie premiery jest oczywiscie negatywna informacja i z_pewnoscia spowoduje spadki_notowan niemniej historycznie patrzac spadki_notowan byly w takich sytuacjach dobra okazja do zakupu w_przypadku obu opoznien wiedzmina_3 kurs odbudowal sie w_ciagu 2_3 miesiecy a_pozniej kontynuowal wzrosty wydaje mi sie ze podobna reakcja moze byc w_tym przypadku polscy inwestorzy od dawna zakladali ze druga_gra aaa uwzgledniona w strategii spolki jest cyberpunk online wiec nie_jest to dla mnie zaskoczeniem niewiadoma pozostaja oczekiwania inwestorow zagranicznych wzgledu na wyzsza konkurencje michal wojciechowski ipopema securities uwazamy iz ryzyko przesuniecia gry jest_zawsze istotne_dla branzy i zwracamy uwage na_fakt iz obecnie liczac wraz_z cyberpunkiem 9 najwiekszych tytulow 2020_roku zostalo opoznionych oczywiscie jakosc gry jest kluczowa dlatego rozumiemy decyzje podjeta przez zarzad dla_wyceny kluczowe implikacje sa dwie 1 oczekiwana sprzedaz cyberpunka tutaj podtrzymujemy nasze oczekiwania 28 mln kopii w pierwsze 12 miesiacach sprzedazy zdajac sobie sprawe z silniejszej konkurencji uwazamy jednak iz cyberpunk jest najbardziej oczekiwana gra 2020_roku i bedzie nadal pierwszym wyborem graczy 2 oczekiwania_co do przesuniec kolejnych premier w naszych zalozeniach zakladalismy monetyzacje cyberpunka online od 2022 oraz kolejna gre studia w 2024 roku obydwa zalozenia wydaja sie byc nadal realne choc pewnie teraz troche bardziej optymistyczne konsensus rynkowy byl tutaj raczej bardziej optymistyczny w_zwiazku z czym dostrzegamy mozliwosc obnizenia oczekiwan_rynku piotr bogusz bm mbanku reakcja kursu bedzie negatywna w reakcji na przesuniecie_premiery moim zdaniem nizszy_poziom kursu moze sie utrzymac w_krotkim terminie niemniej oczekiwalbym wzrostu ceny akcji przed_premiera cyberpunka_2077 podobnie kurs_akcji cd_projekt reagowal w_przypadku przesuniecia premiery_gry wiedzmin_3 dziki_gon w_dlugim terminie informacja_o przesunieciu nie wplywa na ocene spolki niemniej wrzesniowe okienko wydawnicze jest mniej korzystne niz kwietniowe ze,1
analityk banku morgan stanley podniosl z 350 do 480 zl wycene akcji_cd projektu jego rekomendacja to przewazaj wycena na tym poziomie przeklada sie na 46 mld_zl kapitalizacji to o_8 mld_zl wiecej_niz wynosi ona na gpw do_tej pory najwyzsza cene_docelowa wyznaczyl analityk vtb capital 435 zl srednia z cen docelowych to 342 62 zl przewazaja rekomendacje neutralne 12 pozytywnych jest 6 a negatywne dwie od patria finance i aplhavalue,1
zarzad_cd projektu rekomenduje przeznaczenie ubieglorocznego zysku w_wysokosci 172 8_mln zl w_calosci na_kapital zapasowy wniosek ten trafi do oceny rady nadzorczej a_pozniej pod glosowanie na walnym zgromadzeniu z_zysku za_2018 r spolka wyplacila 1_05 zl dywidendy na_akcje przeznaczajac na nia ponad 100_mln zl,1
rada_nadzorcza cd_projekt zaakceptowala wniosek zarzadu aby przeznaczyc ubiegloroczny zysk na_kapital zapasowy rada_nadzorcza zarekomendowala zwyczajnemu walnemu zgromadzeniu spolki podzial zysku_netto za rok 2019 w_wysokosci 172 825 677 97 zl poprzez przekazanie go w_calosci na_kapital zapasowy_spolki glosi komunikat w_ubieglym roku cd_projekt podzielil 109 4 mln_zl zysku z 2018 roku w ten_sposob ze 100_9 mln_zl zostalo przeznaczone na dywidende wysokosci 1_05 zl na_akcje pozostala_czesc zasilila kapital_zapasowy spolki,1
maciej_kietlinski analityk noble_securities w_raporcie z 3 listopada wydal rekomendacje_kupuj dla akcji_cd projektu cena_docelowa to_415 04 zl jego zdaniem zroznicowane portfolio produktowe zbudowane w_okresie 5 7 lat_w postaci cyberpunka_2077 wraz_z trzema platnymi dlc przewidywana kontynuacja kultowego produktu wiedzmin w postaci czwartej odslony gry wejscie na_rynek gier mobilnych z gra the witcher monster slayer oraz prognozowane otwarcie sie na_rynek gier w trybie multiplayer cp_2077 oraz wiedzmin beda czynnikami ktore moga przelozyc sie na uzyskiwanie przez spolke stabilnych powtarzalnych i przewidywalnych przychodow co sprzyjac bedzie planowaniu polityki_dywidendowej oraz stanowic argument przyciagajacy inwestorow dlugoterminowych cd_projekt niemal 70 proc przychodow w i polroczu 2020 odnotowal w dolarze amerykanskim moze_to stanowic czynnik sprzyjajacy spolce_w perspektywie krotkoterminowej obejmujacej premiere cyberpunka_2077 biorac_pod uwage scenariusz bazowy zgodnie_z ktorym preferowany jest wzrost wartosci usd w wyniku odplywu kapitalu z rynkow wschodzacych do usa spowodowanego niepewnoscia zwiazana z_druga fala_pandemii dodaje analityk raport dostepny jest na stronie brokera,1
cd_projekt przesunal z 26 na 25 listopada publikacje_raportu finansowego za iii kwartal zwiazane to jest z przypadajacym na 26_listopada dniem wolnym od pracy w stanach zjednoczonych na 10_grudnia zaplanowana jest natomiast premiera_cyberpunka,1
dm_bos szacuje laczny_budzet cyberpunka_2077 na 1_2 mld_zl co_oznacza ze bedzie jedna_z najdrozszych gier w_historii analitycy dm_bos podwyzszyli cene_docelowa akcji_cd projektu do 448 zl z 446 zl utrzymujac rekomendacje_kupuj wyzsza cena_docelowa to pochodna nieznacznego obnizenia prognoz wynikow w_zwiazku z_przesunieciem premiery skumulowana prognoza zysku_netto za lata 2020 2022 zmalala o 6_proc wylaczenia wynikow finansowych za_2020 rok z wyceny porownawczej ok 4_proc wzrostu wycen spolek porownywalnych oraz obnizenia sredniego wazonego kosztu kapitalu do 9 5 proc za sprawa przesuniecia daty_premiery cyberpunka_2077 dm_bos skorygowal prognoze_wolumenu sprzedazy_gry w_zwiazku z_przesunieciem premiery_gry aktualizujemy nasze prognozy wolumenu_sprzedazy okres sprzedazy w 2020_roku skrocil sie do 3 tygodni poprzednio 6 dlatego tez obnizamy prognoze_wolumenu sprzedazy w_ciagu 2020/ najblizszych 12_miesiecy ttm z 25 mln/35 5_mln do 21 mln 16 proc / 34 5_mln sztuk 2_proc napisano_w raporcie analitycy widza potencjal do pozytywnego zaskoczenia dotyczacego wolumenu_sprzedazy gry w porownaniu do ich biezacych oczekiwan przy spelnieniu kilku warunkow jesli stopa przywiazania dla cyberpunka_2077 bedzie bardziej zblizona niz obecnie zakladamy do stop dla gta5 czy red dead redemption 2 konwersja liczebnosci grupy steam na sprzedaz na tej platformie bedzie zblizona_do historycznie obserwowanych wartosci oraz/lub pojawia_sie ponowne nakazy pozostania w domu w_zwiazku z_druga fala_pandemii czytamy z_uwagi na przesuniecie_premiery gry prognoza dm_bos calkowitego budzetu gry wzrosla do 1_2 mld_zl co jest jednym_z najwyzszych budzetow w_historii gier wideo wedlug wikipedii laczny_budzet gta5 wyniosl 265 mln usd,1
ubiegly tydzien byl udany dla najwiekszej produkcji cd_projektu gra okazala sie liderem sprzedazy na steamie a najnowszy game trailer wyswietlono ponad_20 mln_razy do premiery_cyberpunka 2077 zostalo dwa i pol tygodnia przyspiesza machina marketingowa a wraz_z nia rosnie zainteresowanie gra produkcja cd_projektu byla w_ubieglym tygodniu najlepiej sprzedajaca sie gra na_platformie steam to duzy skok w rankingu ktory jest tworzony w oparciu o wygenerowane przychody ze sprzedazy gdyz wczesniejszy tydzien tytul zakonczyl na dziewiatej pozycji w ostatni czwartek przy okazji piatej a jednoczesnie ostatniej odslony wydarzenia z cyklu night_city wire w_ramach ktorego prezentowa jest gra cd_projekt pokazal nowy zwiastun cyberpunka koncentrujacy sie na postaci_johnny ego_silverhanda i jego wiezi z glowna postacia gry najemnikiem o imieniu v do_tej pory zwiastun zostal odtworzony tylko na youtubie ponad 21 2_mln razy to prawie tyle wyswietlen ile ma najpopularniejszy dotychczas material dotyczacy gry czyli pierwsza prezentacja rozgrywki sprzed dwoch lat_w ostatniej odslonie night_city wire zostal zaprezentowany takze material zza kulis w_ktorym keanu_reeves opowiadal o swojej transformacji w legendarnego rockerboya night_city johnny_ego silverhanda takze w_czwartek wieczorem zostaly zniesione embarga na previewsy czyli przedpremierowe recenzje wrazeniami z gry podzielili sie dziennikarze czolowych redakcji ktorzy mieli mozliwosc okolo 16 godzinnej rozgrywki podobnie_jak przy czerwcowych previewsach dziennikarze zwracali uwage na spora liczbe bledow nieukonczonej jeszcze produkcji nie bylo wsrod nich bledow kluczowych dla rozgrywki chodzilo glownie o drobne bledy wizualne nie zabraklo zachwytow nad sama gra jej rozmiarami fabula czy muzyka gamesradar napisal ze jest to gra ktora na_pewno przebije oczekiwania cyberpunk_2077 ukaze_sie 10_grudnia 2020_r na xbox_one pc playstation_4 oraz stadie wersje gry na xbox_one oraz_playstation 4 beda dzialaly takze na xbox series x s oraz_playstation 5 coraz wiecej wskazuje na to ze_premiera gry nie zostanie po_raz kolejny przelozona jeden_z pracownikow amazona poinformowal na jednym_z serwisow internetowych ze do sklepu trafily juz fizyczne kopie gry analitycy zakladaja_ze gra sprzeda sie w okolo 30 mln_zl sztuk w_ciagu roku_od premiery,1
kurs_producenta gier wspial_sie na_szczyt by po paru chwilach z niego runac emocje siegaja zenitu bo premiera tuz tuz na poniedzialkowej sesji notowania_cd projektu urosly do 464 2 zl by niedlugo pozniej znalezc sie na_poziomie 401 90 zl kupujacy co prawda odzyskali inicjatywe ale nie na dlugo bo na_koniec sesji_kurs wyniosl 425 1 zl o 4_proc mniej_niz wynosil kurs odniesienia i o_8 4_proc mniej_niz na szczycie maciej_kietlinski analityk z noble_securities ocenia biezace notowania_cd projektu oraz podpowiada na co inwestorzy powinni zwrocic uwage w_najblizszych dniach oraz po_premierze cybperpunka puls_biznesu kurs_cd projektu jeszcze_przed premiera cybperunka wspial_sie na_szczyt jak pan odbiera ten rajd ? czy zaklada pan scenariusz kupuj_plotki sprzedawaj fakty czyli realizacje zyskow_w dniu_premiery lub krotko po ? maciej_kietlinski noble_securities tak dynamiczny rajd cenowy swiadczy o silnym sentymencie rynku i nadziejach inwestorow wystarczy spojrzec na statystyke obrotow te akcjami cd_projektu przekroczyly 0 6 mld_zl to cztery razy wicej niz drugiego kolejnosci orlenu od 26_listopada kurs_akcji zyskal niemal 30 proc a premiere mamy dopiero we czwartek oliwy do inwestycyjnego ognia moga dolac recenzje_branzowe ktore pojawia_sie jeszcze_przed czwartkowa premiera w obliczu tak rozgrzanego kursu_akcji mozna spodziewac_sie kilkusesyjnej realizacji zyskow_w mysl zasady kupuj_plotki sprzedawaj fakt niemniej jednak biorac_pod uwage perspektywe dlugoterminowa potencjal sprzedazowy cp_2077 oraz premiery dodatkow moga stanowic znaczne wsparcie dla kursu_akcji cd_projekt czy w ostatnich dniach pojawily sie jakies dane sygnaly ktore daja jakas podpowiedz jak_bedzie sie sprzedawac gra i jak_bedzie oceniana ? czekamy na recenzje_branzowe poprawionej wersji cybperunka w ktorej wedlug zarzadu spolki usunieto juz wiekszosc drobnych bledow ponadto cyberpunk_2077 dostal przedpremierowy patch o wadze 43 gb niedlugo pojawi sie jeszcze jedna latka eliminujaca bledy tak zdecydowane dzialania spolki w zakresie eliminacji glownego ryzyka zwiazanego z premiera_gry jakoscia i znaczna liczba bledow w_grze stwarzaja duza szanse na sukces premiery kwestia rozstrzygajaca beda recenzje_branzowe i recenzje graczy po_premierze pana wycena to_415 6 zl jak duze odchylenie sprzedazy w_pierwszych dniach skloniloby pana do_zmiany wyceny ? wycena ma horyzont 9 miesieczny wiec zanim podejmiemy_decyzje o jej ewentualnej_zmianie warto uwzglednic dane_sprzedazowe z szerszego zakresu czasowego niz pierwszych kilka dni zwlaszcza ze mamy przed soba okres swiateczny poczekamy na oficjalne dane_sprzedazowe za_2020 r i wtedy podejmiemy_decyzje o ewentualnej_zmianie wyceny in plus lub in minus na jaki zestaw danych w_najblizszych dniach powinni patrzec inwestorzy ? dane steamu oceny na metacritiku oraz przede wszystkim oficjalne komunikaty cd_projektu a ich z_pewnoscia nie zabraknie spolka znana jest z wyrozniajacej sie na tle branzy bardzo wysokiej_jakosci komunikacji z_inwestorami kiedy mozna sie spodziewac pierwszych danych istotnych dla_wyceny akcji ? biorac_pod uwage wielkosc premiery i zwiazanych_z nia oczekiwan juz w_czwartek rano premiera w wersji_na konsole odbedzie_sie 10_grudnia o polnocy czasu polskiego wersji_na pc godzine pozniej szersze dane istotne_dla wyceny_to te ktore uwzglednia sprzedaz rowniez_w okresie swiatecznym i dadza mozliwosc weryfikacji zakladanego wolumenu sprzedanych egzemplarzy do_konca roku 2020 czy podtrzymuje pan prognoze sprzedazy 18 8_mln sztuk do_konca 2020 i 27 mln w_ciagu 12_miesiecy ? tak na_razie nie widze powodow do_zmiany zalozen,1
